"CELL_LINE_NAME","CL","drug","DRUG_ID_lib","maxc","xmid","scal","RMSE","IC50","auc","AUCtrap","IC50conc_uM"
"AGS",906790,"AKT_inhibitor_VIII",171,2.56,9.93080491837114,1.583,0.0368065014152058,1.58519206331176,0.913288031583243,0.911796523993032,4.88022860137411
"AGS",906790,"PKF118",999999,10,2.94107124622752,1.583,NA,NA,NA,NA,NA
"AGS",906790,"CT99021",1241,10,8.00000267753366,1.583,NA,NA,NA,NA,NA
"AGS",906790,"Oxozeaenol",1242,10,6.64387268136628,1.583,NA,NA,NA,NA,NA
"AGS",906790,"PD0325901",1060,0.25,6.48231826340544,1.583,0.123596027580231,-3.13141835838768,0.706534131912709,0.704744668165475,0.0436558337019755
"AGS",906790,"PI103",302,10.24,7.82511295832925,1.583,0.123087556432303,1.51193197920087,0.778726420559454,0.777371030851503,4.53548479761005
"AGS",906790,"BIRB0796",1042,10,12.634854720533,1.583,0.107585870312875,4.82207439427649,0.981152082039551,0.980611439782391,124.222510156955
